ID,TARGET
test_000001,
test_000002,
test_000003,
test_000004,
test_000005,
test_000006,
test_000007,
test_000008,
test_000009,
test_000010,
test_000011,
test_000012,
test_000013,
test_000014,
test_000015,
test_000016,
test_000017,
test_000018,
test_000019,
test_000020,
test_000021,
test_000022,
test_000023,
test_000024,
test_000025,
test_000026,
test_000027,
test_000028,
test_000029,
test_000030,
test_000031,
test_000032,
test_000033,
test_000034,
test_000035,
test_000036,
test_000037,
test_000038,
test_000039,
test_000040,
test_000041,
test_000042,
test_000043,
test_000044,
test_000045,
test_000046,
test_000047,
test_000048,
test_000049,
test_000050,
test_000051,
test_000052,
test_000053,
test_000054,
test_000055,
test_000056,
test_000057,
test_000058,
test_000059,
test_000060,
test_000061,
test_000062,
test_000063,
test_000064,
test_000065,
test_000066,
test_000067,
test_000068,
test_000069,
test_000070,
test_000071,
test_000072,
test_000073,
test_000074,
test_000075,
test_000076,
test_000077,
test_000078,
test_000079,
test_000080,
test_000081,
test_000082,
test_000083,
test_000084,
test_000085,
test_000086,
test_000087,
test_000088,
test_000089,
test_000090,
test_000091,
test_000092,
test_000093,
test_000094,
test_000095,
test_000096,
test_000097,
test_000098,
test_000099,
test_000100,
test_000101,
test_000102,
test_000103,
test_000104,
test_000105,
test_000106,
test_000107,
test_000108,
test_000109,
test_000110,
test_000111,
test_000112,
test_000113,
test_000114,
test_000115,
test_000116,
test_000117,
test_000118,
test_000119,
test_000120,
test_000121,
test_000122,
test_000123,
test_000124,
test_000125,
test_000126,
test_000127,
test_000128,
test_000129,
test_000130,
test_000131,
test_000132,
test_000133,
test_000134,
test_000135,
test_000136,
test_000137,
test_000138,
test_000139,
test_000140,
test_000141,
test_000142,
test_000143,
test_000144,
test_000145,
test_000146,
test_000147,
test_000148,
test_000149,
test_000150,
test_000151,
test_000152,
test_000153,
test_000154,
test_000155,
test_000156,
test_000157,
test_000158,
test_000159,
test_000160,
test_000161,
test_000162,
test_000163,
test_000164,
test_000165,
test_000166,
test_000167,
test_000168,
test_000169,
test_000170,
test_000171,
test_000172,
test_000173,
test_000174,
test_000175,
test_000176,
test_000177,
test_000178,
test_000179,
test_000180,
test_000181,
test_000182,
test_000183,
test_000184,
test_000185,
test_000186,
test_000187,
test_000188,
test_000189,
test_000190,
test_000191,
test_000192,
test_000193,
test_000194,
test_000195,
test_000196,
test_000197,
test_000198,
test_000199,
test_000200,
test_000201,
test_000202,
test_000203,
test_000204,
test_000205,
test_000206,
test_000207,
test_000208,
test_000209,
test_000210,
test_000211,
test_000212,
test_000213,
test_000214,
test_000215,
test_000216,
test_000217,
test_000218,
test_000219,
test_000220,
test_000221,
test_000222,
test_000223,
test_000224,
test_000225,
test_000226,
test_000227,
test_000228,
test_000229,
test_000230,
test_000231,
test_000232,
test_000233,
test_000234,
test_000235,
test_000236,
test_000237,
test_000238,
test_000239,
test_000240,
test_000241,
test_000242,
test_000243,
test_000244,
test_000245,
test_000246,
test_000247,
test_000248,
test_000249,
test_000250,
test_000251,
test_000252,
test_000253,
test_000254,
test_000255,
test_000256,
test_000257,
test_000258,
test_000259,
test_000260,
test_000261,
test_000262,
test_000263,
test_000264,
test_000265,
test_000266,
test_000267,
test_000268,
test_000269,
test_000270,
test_000271,
test_000272,
test_000273,
test_000274,
test_000275,
test_000276,
test_000277,
test_000278,
test_000279,
test_000280,
test_000281,
test_000282,
test_000283,
test_000284,
test_000285,
test_000286,
test_000287,
test_000288,
test_000289,
test_000290,
test_000291,
test_000292,
test_000293,
test_000294,
test_000295,
test_000296,
test_000297,
test_000298,
test_000299,
test_000300,
test_000301,
test_000302,
test_000303,
test_000304,
test_000305,
test_000306,
test_000307,
test_000308,
test_000309,
test_000310,
test_000311,
test_000312,
test_000313,
test_000314,
test_000315,
test_000316,
test_000317,
test_000318,
test_000319,
test_000320,
test_000321,
test_000322,
test_000323,
test_000324,
test_000325,
test_000326,
test_000327,
test_000328,
test_000329,
test_000330,
test_000331,
test_000332,
test_000333,
test_000334,
test_000335,
test_000336,
test_000337,
test_000338,
test_000339,
test_000340,
test_000341,
test_000342,
test_000343,
test_000344,
test_000345,
test_000346,
test_000347,
test_000348,
test_000349,
test_000350,
test_000351,
test_000352,
test_000353,
test_000354,
test_000355,
test_000356,
test_000357,
test_000358,
test_000359,
test_000360,
test_000361,
test_000362,
test_000363,
test_000364,
test_000365,
test_000366,
test_000367,
test_000368,
test_000369,
test_000370,
test_000371,
test_000372,
test_000373,
test_000374,
test_000375,
test_000376,
test_000377,
test_000378,
test_000379,
test_000380,
test_000381,
test_000382,
test_000383,
test_000384,
test_000385,
test_000386,
test_000387,
test_000388,
test_000389,
test_000390,
test_000391,
test_000392,
test_000393,
test_000394,
test_000395,
test_000396,
test_000397,
test_000398,
test_000399,
test_000400,
test_000401,
test_000402,
test_000403,
test_000404,
test_000405,
test_000406,
test_000407,
test_000408,
test_000409,
test_000410,
test_000411,
test_000412,
test_000413,
test_000414,
test_000415,
test_000416,
test_000417,
test_000418,
test_000419,
test_000420,
test_000421,
test_000422,
test_000423,
test_000424,
test_000425,
test_000426,
test_000427,
test_000428,
test_000429,
test_000430,
test_000431,
test_000432,
test_000433,
test_000434,
test_000435,
test_000436,
test_000437,
test_000438,
test_000439,
test_000440,
test_000441,
test_000442,
test_000443,
test_000444,
test_000445,
test_000446,
test_000447,
test_000448,
test_000449,
test_000450,
test_000451,
test_000452,
test_000453,
test_000454,
test_000455,
test_000456,
test_000457,
test_000458,
test_000459,
test_000460,
test_000461,
test_000462,
test_000463,
test_000464,
test_000465,
test_000466,
test_000467,
test_000468,
test_000469,
test_000470,
test_000471,
test_000472,
test_000473,
test_000474,
test_000475,
test_000476,
test_000477,
test_000478,
test_000479,
test_000480,
test_000481,
test_000482,
test_000483,
test_000484,
test_000485,
test_000486,
test_000487,
test_000488,
test_000489,
test_000490,
test_000491,
test_000492,
test_000493,
test_000494,
test_000495,
test_000496,
test_000497,
test_000498,
test_000499,
test_000500,
test_000501,
test_000502,
test_000503,
test_000504,
test_000505,
test_000506,
test_000507,
test_000508,
test_000509,
test_000510,
test_000511,
test_000512,
test_000513,
test_000514,
test_000515,
test_000516,
test_000517,
test_000518,
test_000519,
test_000520,
test_000521,
test_000522,
test_000523,
test_000524,
test_000525,
test_000526,
test_000527,
test_000528,
test_000529,
test_000530,
test_000531,
test_000532,
test_000533,
test_000534,
test_000535,
test_000536,
test_000537,
test_000538,
test_000539,
test_000540,
test_000541,
test_000542,
test_000543,
test_000544,
test_000545,
test_000546,
test_000547,
test_000548,
test_000549,
test_000550,
test_000551,
test_000552,
test_000553,
test_000554,
test_000555,
test_000556,
test_000557,
test_000558,
test_000559,
test_000560,
test_000561,
test_000562,
test_000563,
test_000564,
test_000565,
test_000566,
test_000567,
test_000568,
test_000569,
test_000570,
test_000571,
test_000572,
test_000573,
test_000574,
test_000575,
test_000576,
test_000577,
test_000578,
test_000579,
test_000580,
test_000581,
test_000582,
test_000583,
test_000584,
test_000585,
test_000586,
test_000587,
test_000588,
test_000589,
test_000590,
test_000591,
test_000592,
test_000593,
test_000594,
test_000595,
test_000596,
test_000597,
test_000598,
test_000599,
test_000600,
test_000601,
test_000602,
test_000603,
test_000604,
test_000605,
test_000606,
test_000607,
test_000608,
test_000609,
test_000610,
test_000611,
test_000612,
test_000613,
test_000614,
test_000615,
test_000616,
test_000617,
test_000618,
test_000619,
test_000620,
test_000621,
test_000622,
test_000623,
test_000624,
test_000625,
test_000626,
test_000627,
test_000628,
test_000629,
test_000630,
test_000631,
test_000632,
test_000633,
test_000634,
test_000635,
test_000636,
test_000637,
test_000638,
test_000639,
test_000640,
test_000641,
test_000642,
test_000643,
test_000644,
test_000645,
test_000646,
test_000647,
test_000648,
test_000649,
test_000650,
test_000651,
test_000652,
test_000653,
test_000654,
test_000655,
test_000656,
test_000657,
test_000658,
test_000659,
test_000660,
test_000661,
test_000662,
test_000663,
test_000664,
test_000665,
test_000666,
test_000667,
test_000668,
test_000669,
test_000670,
test_000671,
test_000672,
test_000673,
test_000674,
test_000675,
test_000676,
test_000677,
test_000678,
test_000679,
test_000680,
test_000681,
test_000682,
test_000683,
test_000684,
test_000685,
test_000686,
test_000687,
test_000688,
test_000689,
test_000690,
test_000691,
test_000692,
test_000693,
test_000694,
test_000695,
test_000696,
test_000697,
test_000698,
test_000699,
test_000700,
test_000701,
test_000702,
test_000703,
test_000704,
test_000705,
test_000706,
test_000707,
test_000708,
test_000709,
test_000710,
test_000711,
test_000712,
test_000713,
test_000714,
test_000715,
test_000716,
test_000717,
test_000718,
test_000719,
test_000720,
test_000721,
test_000722,
test_000723,
test_000724,
test_000725,
test_000726,
test_000727,
test_000728,
test_000729,
test_000730,
test_000731,
test_000732,
test_000733,
test_000734,
test_000735,
test_000736,
test_000737,
test_000738,
test_000739,
test_000740,
test_000741,
test_000742,
test_000743,
test_000744,
test_000745,
test_000746,
test_000747,
test_000748,
test_000749,
test_000750,
test_000751,
test_000752,
test_000753,
test_000754,
test_000755,
test_000756,
test_000757,
test_000758,
test_000759,
test_000760,
test_000761,
test_000762,
test_000763,
test_000764,
test_000765,
test_000766,
test_000767,
test_000768,
test_000769,
test_000770,
test_000771,
test_000772,
test_000773,
test_000774,
test_000775,
test_000776,
test_000777,
test_000778,
test_000779,
test_000780,
test_000781,
test_000782,
test_000783,
test_000784,
test_000785,
test_000786,
test_000787,
test_000788,
test_000789,
test_000790,
test_000791,
test_000792,
test_000793,
test_000794,
test_000795,
test_000796,
test_000797,
test_000798,
test_000799,
test_000800,
test_000801,
test_000802,
test_000803,
test_000804,
test_000805,
test_000806,
test_000807,
test_000808,
test_000809,
test_000810,
test_000811,
test_000812,
test_000813,
test_000814,
test_000815,
test_000816,
test_000817,
test_000818,
test_000819,
test_000820,
test_000821,
test_000822,
test_000823,
test_000824,
test_000825,
test_000826,
test_000827,
test_000828,
test_000829,
test_000830,
test_000831,
test_000832,
test_000833,
test_000834,
test_000835,
test_000836,
test_000837,
test_000838,
test_000839,
test_000840,
test_000841,
test_000842,
test_000843,
test_000844,
test_000845,
test_000846,
test_000847,
test_000848,
test_000849,
test_000850,
test_000851,
test_000852,
test_000853,
test_000854,
test_000855,
test_000856,
test_000857,
test_000858,
test_000859,
test_000860,
test_000861,
test_000862,
test_000863,
test_000864,
test_000865,
test_000866,
test_000867,
test_000868,
test_000869,
test_000870,
test_000871,
test_000872,
test_000873,
test_000874,
test_000875,
test_000876,
test_000877,
test_000878,
test_000879,
test_000880,
test_000881,
test_000882,
test_000883,
test_000884,
test_000885,
test_000886,
test_000887,
test_000888,
test_000889,
test_000890,
test_000891,
test_000892,
test_000893,
test_000894,
test_000895,
test_000896,
test_000897,
test_000898,
test_000899,
test_000900,
test_000901,
test_000902,
test_000903,
test_000904,
test_000905,
test_000906,
test_000907,
test_000908,
test_000909,
test_000910,
test_000911,
test_000912,
test_000913,
test_000914,
test_000915,
test_000916,
test_000917,
test_000918,
test_000919,
test_000920,
test_000921,
test_000922,
test_000923,
test_000924,
test_000925,
test_000926,
test_000927,
test_000928,
test_000929,
test_000930,
test_000931,
test_000932,
test_000933,
test_000934,
test_000935,
test_000936,
test_000937,
test_000938,
test_000939,
test_000940,
test_000941,
test_000942,
test_000943,
test_000944,
test_000945,
test_000946,
test_000947,
test_000948,
test_000949,
test_000950,
test_000951,
test_000952,
test_000953,
test_000954,
test_000955,
test_000956,
test_000957,
test_000958,
test_000959,
test_000960,
test_000961,
test_000962,
test_000963,
test_000964,
test_000965,
test_000966,
test_000967,
test_000968,
test_000969,
test_000970,
test_000971,
test_000972,
test_000973,
test_000974,
test_000975,
test_000976,
test_000977,
test_000978,
test_000979,
test_000980,
test_000981,
test_000982,
test_000983,
test_000984,
test_000985,
test_000986,
test_000987,
test_000988,
test_000989,
test_000990,
test_000991,
test_000992,
test_000993,
test_000994,
test_000995,
test_000996,
test_000997,
test_000998,
test_000999,
test_001000,
